featset,split,fold,n,binders,base_rate,auroc,auprc,top5_prec,top5_enrich,top10_prec,top10_enrich,top20_prec,top20_enrich
470 published,leave-author-out,0,526,114,0.217,0.572,0.259,0.192,0.89,0.264,1.22,0.276,1.27
470 published,leave-author-out,1,526,58,0.11,0.861,0.521,0.692,6.28,0.528,4.79,0.333,3.02
470 published,leave-author-out,2,526,77,0.146,0.766,0.592,0.885,6.04,0.698,4.77,0.448,3.06
470 published,leave-author-out,3,526,121,0.23,0.798,0.58,0.692,3.01,0.736,3.2,0.571,2.48
470 published,leave-author-out,4,526,98,0.186,0.81,0.577,0.731,3.92,0.736,3.95,0.543,2.91
470 published,leave-design_method-out,0,1079,132,0.122,0.745,0.324,0.444,3.63,0.389,3.18,0.306,2.5
470 published,leave-design_method-out,1,531,105,0.198,0.527,0.218,0.185,0.94,0.132,0.67,0.198,1.0
470 published,leave-design_method-out,2,340,58,0.171,0.593,0.272,0.412,2.41,0.235,1.38,0.176,1.03
470 published,leave-design_method-out,3,340,94,0.276,0.777,0.52,0.588,2.13,0.441,1.6,0.5,1.81
470 published,leave-design_method-out,4,340,79,0.232,0.87,0.637,0.706,3.04,0.706,3.04,0.632,2.72
470 published,leave-one-method-out,unknown,1079,132,0.122,0.745,0.324,0.444,3.63,0.389,3.18,0.306,2.5
470 published,leave-one-method-out,boltzgen,531,105,0.198,0.527,0.218,0.185,0.94,0.132,0.67,0.198,1.0
470 published,leave-one-method-out,bindcraft,170,40,0.235,0.524,0.26,0.125,0.53,0.118,0.5,0.206,0.88
470 published,leave-one-method-out,rfdiffusion,110,38,0.345,0.863,0.803,1.0,2.89,0.909,2.63,0.864,2.5
470 published,leave-one-method-out,protrl,91,35,0.385,0.718,0.555,0.4,1.04,0.556,1.44,0.611,1.59
470 published,leave-one-method-out,dsm-synteract,59,26,0.441,0.821,0.747,1.0,2.27,0.833,1.89,0.667,1.51
470 published,leave-one-method-out,mosaic,57,41,0.719,0.741,0.863,1.0,1.39,1.0,1.39,0.909,1.26
437 deployment,leave-author-out,0,526,114,0.217,0.591,0.262,0.192,0.89,0.226,1.04,0.286,1.32
437 deployment,leave-author-out,1,526,58,0.11,0.844,0.462,0.654,5.93,0.472,4.28,0.352,3.2
437 deployment,leave-author-out,2,526,77,0.146,0.751,0.562,0.885,6.04,0.698,4.77,0.429,2.93
437 deployment,leave-author-out,3,526,121,0.23,0.769,0.591,0.808,3.51,0.736,3.2,0.6,2.61
437 deployment,leave-author-out,4,526,98,0.186,0.757,0.528,0.654,3.51,0.679,3.65,0.562,3.02
437 deployment,leave-design_method-out,0,1079,132,0.122,0.764,0.437,0.63,5.15,0.417,3.41,0.324,2.65
437 deployment,leave-design_method-out,1,531,105,0.198,0.6,0.252,0.185,0.94,0.151,0.76,0.255,1.29
437 deployment,leave-design_method-out,2,340,58,0.171,0.518,0.24,0.294,1.72,0.176,1.03,0.132,0.78
437 deployment,leave-design_method-out,3,340,94,0.276,0.709,0.464,0.588,2.13,0.441,1.6,0.426,1.54
437 deployment,leave-design_method-out,4,340,79,0.232,0.825,0.582,0.706,3.04,0.647,2.78,0.559,2.41
437 deployment,leave-one-method-out,unknown,1079,132,0.122,0.764,0.437,0.63,5.15,0.417,3.41,0.324,2.65
437 deployment,leave-one-method-out,boltzgen,531,105,0.198,0.6,0.252,0.185,0.94,0.151,0.76,0.255,1.29
437 deployment,leave-one-method-out,bindcraft,170,40,0.235,0.562,0.288,0.125,0.53,0.294,1.25,0.265,1.12
437 deployment,leave-one-method-out,rfdiffusion,110,38,0.345,0.859,0.795,1.0,2.89,0.909,2.63,0.818,2.37
437 deployment,leave-one-method-out,protrl,91,35,0.385,0.652,0.5,0.4,1.04,0.667,1.73,0.444,1.16
437 deployment,leave-one-method-out,dsm-synteract,59,26,0.441,0.836,0.749,1.0,2.27,0.667,1.51,0.667,1.51
437 deployment,leave-one-method-out,mosaic,57,41,0.719,0.753,0.867,1.0,1.39,1.0,1.39,0.909,1.26
