target,k,draw,auroc
egfr,0,0,0.5819417084527221
egfr,1,0,0.7703204961646652
egfr,1,1,0.7049672951569719
egfr,1,2,0.7775957703995752
egfr,1,3,0.5831968277996814
egfr,1,4,0.4768806696867339
egfr,1,5,0.7705351393486145
egfr,1,6,0.7718342954619912
egfr,1,7,0.5944034614037664
egfr,1,8,0.7676882929088671
egfr,1,9,0.7242173996543115
egfr,1,10,0.7220031857567302
egfr,1,11,0.5792880624498695
egfr,1,12,0.5942566002779064
egfr,1,13,0.7789288175419967
egfr,1,14,0.5623651419469267
egfr,1,15,0.46064686677436484
egfr,1,16,0.7977383386617563
egfr,1,17,0.7802279736553734
egfr,1,18,0.5877269286819778
egfr,1,19,0.5700584055400535
egfr,1,20,0.5204193449993787
egfr,1,21,0.718128311435963
egfr,1,22,0.5782826285882128
egfr,1,23,0.3839514680464081
egfr,1,24,0.43133112665077555
egfr,1,25,0.33250488595668726
egfr,1,26,0.6077000417989359
egfr,1,27,0.743399722093562
egfr,1,28,0.6291191721551306
egfr,1,29,0.6035201482167669
egfr,2,0,0.7679597701149425
egfr,2,1,0.770320197044335
egfr,2,2,0.7743340631271667
egfr,2,3,0.7522577996715928
egfr,2,4,0.5103197409231892
egfr,2,5,0.7170794563035942
egfr,2,6,0.5371054552089035
egfr,2,7,0.7346743295019157
egfr,2,8,0.766044061302682
egfr,2,9,0.6814906039043971
egfr,2,10,0.3634715380405036
egfr,2,11,0.5834245575624886
egfr,2,12,0.6968276774311257
egfr,2,13,0.7174557562488596
egfr,2,14,0.7402960226236087
egfr,2,15,0.44630313811348293
egfr,2,16,0.7435800948731984
egfr,2,17,0.4629173508483853
egfr,2,18,0.599058109833972
egfr,2,19,0.5760467980295566
egfr,2,20,0.5596948549534756
egfr,2,21,0.7127234993614304
egfr,2,22,0.4576719576719577
egfr,2,23,0.46894955300127716
egfr,2,24,0.6329365079365079
egfr,2,25,0.3709063127166575
egfr,2,26,0.7192346287173873
egfr,2,27,0.754720853858785
egfr,2,28,0.6007457580733443
egfr,2,29,0.707546524356869
egfr,3,0,0.7752978417266186
egfr,3,1,0.7482474820143885
egfr,3,2,0.7439194244604317
egfr,3,3,0.7437007194244605
egfr,3,4,0.4573122302158274
egfr,3,5,0.7339510791366906
egfr,3,6,0.42869640287769784
egfr,3,7,0.578958273381295
egfr,3,8,0.7409726618705035
egfr,3,9,0.7522532374100719
egfr,3,10,0.4223079136690647
egfr,3,11,0.7168345323741008
egfr,3,12,0.746808633093525
egfr,3,13,0.7189640287769784
egfr,3,14,0.7026647482014388
egfr,3,15,0.4012546762589928
egfr,3,16,0.5519539568345324
egfr,3,17,0.49231654676258996
egfr,3,18,0.5924374100719425
egfr,3,19,0.48694100719424466
egfr,3,20,0.72431654676259
egfr,3,21,0.721715107913669
egfr,3,22,0.42205467625899284
egfr,3,23,0.5500086330935252
egfr,3,24,0.6501064748201439
egfr,3,25,0.5168460431654676
egfr,3,26,0.5351942446043165
egfr,3,27,0.7251798561151078
egfr,3,28,0.5829294964028777
egfr,3,29,0.728759712230216
egfr,5,0,0.7795727307922429
egfr,5,1,0.7500557256654817
egfr,5,2,0.7100153685519539
egfr,5,3,0.7506892384941166
egfr,5,4,0.4819272868053356
egfr,5,5,0.7154119593143984
egfr,5,6,0.41184199720785086
egfr,5,7,0.7173124978003027
egfr,5,8,0.7428876453266697
egfr,5,9,0.7796665845446332
egfr,5,10,0.4357512406292894
egfr,5,11,0.6912446180738864
egfr,5,12,0.7711962833914054
egfr,5,13,0.7268386536679221
egfr,5,14,0.652752847874799
egfr,5,15,0.5311183847769214
egfr,5,16,0.5481059139595724
egfr,5,17,0.6753364070437241
egfr,5,18,0.5627119041753188
egfr,5,19,0.548188035992914
egfr,5,20,0.7347810274639541
egfr,5,21,0.7327749035066108
egfr,5,22,0.6048287755604829
egfr,5,23,0.5445160079306421
egfr,5,24,0.48781660976782926
egfr,5,25,0.5476483769166696
egfr,5,26,0.5372775372775372
egfr,5,27,0.7322117809922688
egfr,5,28,0.6069287532702167
egfr,5,29,0.7564729759851712
egfr,8,0,0.7821497584541063
egfr,8,1,0.7439251207729469
egfr,8,2,0.7597705314009661
egfr,8,3,0.7474154589371981
egfr,8,4,0.47404589371980677
egfr,8,5,0.7531400966183576
egfr,8,6,0.6418599033816424
egfr,8,7,0.7282487922705315
egfr,8,8,0.7281400966183575
egfr,8,9,0.7475362318840579
egfr,8,10,0.7232367149758454
egfr,8,11,0.6855797101449276
egfr,8,12,0.7485507246376811
egfr,8,13,0.7389371980676329
egfr,8,14,0.5518840579710145
egfr,8,15,0.46520531400966186
egfr,8,16,0.5598188405797102
egfr,8,17,0.7408574879227053
egfr,8,18,0.7339130434782609
egfr,8,19,0.5257004830917874
egfr,8,20,0.7502777777777778
egfr,8,21,0.7322705314009663
egfr,8,22,0.686026570048309
egfr,8,23,0.6972463768115942
egfr,8,24,0.7456400966183574
egfr,8,25,0.7352657004830918
egfr,8,26,0.7403985507246377
egfr,8,27,0.7356763285024155
egfr,8,28,0.7316304347826086
egfr,8,29,0.738792270531401
egfr,10,0,0.7696713638155301
egfr,10,1,0.7378301143082381
egfr,10,2,0.7583637169885692
egfr,10,3,0.7357730587307844
egfr,10,4,0.5766530350808041
egfr,10,5,0.761073610563658
egfr,10,6,0.7551857508868743
egfr,10,7,0.7341348048876625
egfr,10,8,0.7394314150571542
egfr,10,9,0.7359085534095388
egfr,10,10,0.7091545132045722
egfr,10,11,0.724982755222704
egfr,10,12,0.7269535869136777
egfr,10,13,0.7445802128498226
egfr,10,14,0.533799763500197
egfr,10,15,0.43849773354355537
egfr,10,16,0.5384189002759164
egfr,10,17,0.7416116476152936
egfr,10,18,0.7323980094599921
egfr,10,19,0.512317698068585
egfr,10,20,0.7529808829325977
egfr,10,21,0.7338145447378795
egfr,10,22,0.7306242609381158
egfr,10,23,0.7561711667323611
egfr,10,24,0.7483001576665353
egfr,10,25,0.7535351793456839
egfr,10,26,0.7472777887268427
egfr,10,27,0.734541288923926
egfr,10,28,0.6464820654316121
egfr,10,29,0.7352926685061096
egfr,15,0,0.7461744775133131
egfr,15,1,0.7531323287422744
egfr,15,2,0.7449306158410967
egfr,15,3,0.7446196504230426
egfr,15,4,0.43829279985488284
egfr,15,5,0.7537672164708017
egfr,15,6,0.752199432488112
egfr,15,7,0.7383873851695409
egfr,15,8,0.7333601109109991
egfr,15,9,0.7371694372821623
egfr,15,10,0.7236553984892264
egfr,15,11,0.7111001697352907
egfr,15,12,0.7630054807654932
egfr,15,13,0.7437385817385558
egfr,15,14,0.5779940139157025
egfr,15,15,0.7403050052475415
egfr,15,16,0.508933777322847
egfr,15,17,0.7535858199769366
egfr,15,18,0.749374829940787
egfr,15,19,0.5059018644968191
egfr,15,20,0.7369621270034594
egfr,15,21,0.7452674950439887
egfr,15,22,0.7406289275580145
egfr,15,23,0.7437774524158126
egfr,15,24,0.7514868034050712
egfr,15,25,0.7370009976807161
egfr,15,26,0.7432203060417989
egfr,15,27,0.7308594306741469
egfr,15,28,0.719897899687739
egfr,15,29,0.7303670687622281
egfr,20,0,0.7258958811318694
egfr,20,1,0.7414782038675845
egfr,20,2,0.7455888779635093
egfr,20,3,0.7338440948322954
egfr,20,4,0.6146618594996176
egfr,20,5,0.7332705124003058
egfr,20,6,0.7492352234240139
egfr,20,7,0.7406724571178849
egfr,20,8,0.6489265814487053
egfr,20,9,0.7275073746312685
egfr,20,10,0.7069403474270731
egfr,20,11,0.7141237845515132
egfr,20,12,0.762291052114061
egfr,20,13,0.7297061072872283
egfr,20,14,0.5983693870862012
egfr,20,15,0.7549847044684803
egfr,20,16,0.5313558396154267
egfr,20,17,0.7568420190101606
egfr,20,18,0.7315087949306238
egfr,20,19,0.5036736589096471
egfr,20,20,0.720610728722823
egfr,20,21,0.7400169343384684
egfr,20,22,0.7350595433191304
egfr,20,23,0.7382688735933574
egfr,20,24,0.7136731126406642
egfr,20,25,0.737326559597946
egfr,20,26,0.7439910411886814
egfr,20,27,0.7318092428711898
egfr,20,28,0.7287774500163882
egfr,20,29,0.7391838741396264
egfr,30,0,0.7184406696810461
egfr,30,1,0.7543535378223147
egfr,30,2,0.7458144934620555
egfr,30,3,0.7188225589637053
egfr,30,4,0.7263534156177441
egfr,30,5,0.7280795551753636
egfr,30,6,0.7407430037883417
egfr,30,7,0.738344739093242
egfr,30,8,0.7319137235732616
egfr,30,9,0.7287058535989246
egfr,30,10,0.7600513259195893
egfr,30,11,0.7368171819626055
egfr,30,12,0.75391054625443
egfr,30,13,0.7303861664426249
egfr,30,14,0.5477667114750092
egfr,30,15,0.754002199682268
egfr,30,16,0.7033789563729682
egfr,30,17,0.7643132103140658
egfr,30,18,0.7243064890626908
egfr,30,19,0.6314615666625931
egfr,30,20,0.7354423805450323
egfr,30,21,0.7368477331052181
egfr,30,22,0.7250244409140902
egfr,30,23,0.7548423561041182
egfr,30,24,0.7256660149089575
egfr,30,25,0.746456067456923
egfr,30,26,0.7557130636685813
egfr,30,27,0.7257118416228766
egfr,30,28,0.7406971770744226
egfr,30,29,0.731974825858487
il7r,0,0,0.6147465437788018
il7r,1,0,0.5853423336547734
il7r,1,1,0.5781099324975891
il7r,1,2,0.579556412729026
il7r,1,3,0.5935390549662488
il7r,1,4,0.5453230472516876
il7r,1,5,0.6644165863066538
il7r,1,6,0.7068466730954677
il7r,1,7,0.6340405014464803
il7r,1,8,0.7087753134040502
il7r,1,9,0.6644165863066538
il7r,1,10,0.5120540019286403
il7r,1,11,0.5814850530376084
il7r,1,12,0.5163934426229508
il7r,1,13,0.6012536162005786
il7r,1,14,0.759884281581485
il7r,1,15,0.7073288331726133
il7r,1,16,0.6914175506268081
il7r,1,17,0.6996142719382836
il7r,1,18,0.5993249758919962
il7r,1,19,0.7285438765670202
il7r,1,20,0.5429122468659594
il7r,1,21,0.549662487945998
il7r,1,22,0.64175506268081
il7r,1,23,0.5332690453230472
il7r,1,24,0.45226615236258433
il7r,1,25,0.5554484088717454
il7r,1,26,0.5255544840887174
il7r,1,27,0.6957569913211186
il7r,1,28,0.6219864995178399
il7r,1,29,0.6812921890067503
il7r,2,0,0.6616161616161617
il7r,2,1,0.502020202020202
il7r,2,2,0.6914141414141414
il7r,2,3,0.6616161616161617
il7r,2,4,0.5696969696969696
il7r,2,5,0.6217171717171717
il7r,2,6,0.6919191919191919
il7r,2,7,0.7045454545454545
il7r,2,8,0.6722222222222223
il7r,2,9,0.44545454545454544
il7r,2,10,0.6707070707070707
il7r,2,11,0.6494949494949496
il7r,2,12,0.5515151515151515
il7r,2,13,0.5863636363636364
il7r,2,14,0.5722222222222222
il7r,2,15,0.5848484848484848
il7r,2,16,0.6535353535353535
il7r,2,17,0.6510101010101011
il7r,2,18,0.6696969696969698
il7r,2,19,0.6373737373737374
il7r,2,20,0.5545454545454546
il7r,2,21,0.5762626262626263
il7r,2,22,0.6363636363636364
il7r,2,23,0.5656565656565657
il7r,2,24,0.6277777777777778
il7r,2,25,0.608080808080808
il7r,2,26,0.6803030303030304
il7r,2,27,0.6595959595959595
il7r,2,28,0.6904040404040405
il7r,2,29,0.6782828282828284
il7r,3,0,0.6398305084745761
il7r,3,1,0.6822033898305084
il7r,3,2,0.6509533898305084
il7r,3,3,0.6753177966101696
il7r,3,4,0.6117584745762712
il7r,3,5,0.7065677966101696
il7r,3,6,0.6949152542372881
il7r,3,7,0.6784957627118644
il7r,3,8,0.6340042372881356
il7r,3,9,0.5222457627118644
il7r,3,10,0.652542372881356
il7r,3,11,0.6626059322033898
il7r,3,12,0.5407838983050848
il7r,3,13,0.5762711864406779
il7r,3,14,0.5820974576271187
il7r,3,15,0.5958686440677966
il7r,3,16,0.6673728813559322
il7r,3,17,0.701271186440678
il7r,3,18,0.6906779661016949
il7r,3,19,0.6445974576271186
il7r,3,20,0.5773305084745762
il7r,3,21,0.6567796610169492
il7r,3,22,0.6954449152542372
il7r,3,23,0.566207627118644
il7r,3,24,0.5323093220338982
il7r,3,25,0.5990466101694916
il7r,3,26,0.6551906779661016
il7r,3,27,0.6906779661016949
il7r,3,28,0.6901483050847458
il7r,3,29,0.6652542372881356
il7r,5,0,0.6146198830409356
il7r,5,1,0.6976608187134503
il7r,5,2,0.6742690058479531
il7r,5,3,0.6970760233918128
il7r,5,4,0.6368421052631579
il7r,5,5,0.6321637426900585
il7r,5,6,0.7111111111111111
il7r,5,7,0.6912280701754385
il7r,5,8,0.5982456140350878
il7r,5,9,0.5502923976608187
il7r,5,10,0.6719298245614035
il7r,5,11,0.6625730994152047
il7r,5,12,0.5216374269005848
il7r,5,13,0.5912280701754387
il7r,5,14,0.6245614035087719
il7r,5,15,0.6596491228070175
il7r,5,16,0.6900584795321637
il7r,5,17,0.6824561403508771
il7r,5,18,0.7058479532163743
il7r,5,19,0.5888888888888889
il7r,5,20,0.57953216374269
il7r,5,21,0.6947368421052631
il7r,5,22,0.6684210526315789
il7r,5,23,0.5912280701754385
il7r,5,24,0.6304093567251462
il7r,5,25,0.7076023391812866
il7r,5,26,0.591812865497076
il7r,5,27,0.6590643274853801
il7r,5,28,0.6719298245614035
il7r,5,29,0.6754385964912281
il7r,8,0,0.6810699588477367
il7r,8,1,0.5288065843621399
il7r,8,2,0.6673525377229081
il7r,8,3,0.7146776406035664
il7r,8,4,0.6515775034293553
il7r,8,5,0.7414266117969822
il7r,8,6,0.6906721536351166
il7r,8,7,0.6550068587105624
il7r,8,8,0.6412894375857339
il7r,8,9,0.6947873799725651
il7r,8,10,0.7126200274348423
il7r,8,11,0.6529492455418382
il7r,8,12,0.5651577503429355
il7r,8,13,0.6152263374485597
il7r,8,14,0.6172839506172839
il7r,8,15,0.6577503429355283
il7r,8,16,0.6460905349794238
il7r,8,17,0.6989026063100138
il7r,8,18,0.7222222222222222
il7r,8,19,0.6995884773662552
il7r,8,20,0.7722908093278463
il7r,8,21,0.6577503429355281
il7r,8,22,0.6680384087791496
il7r,8,23,0.551440329218107
il7r,8,24,0.5871056241426612
il7r,8,25,0.6913580246913581
il7r,8,26,0.7393689986282579
il7r,8,27,0.6474622770919068
il7r,8,28,0.7427983539094651
il7r,8,29,0.6893004115226338
il7r,10,0,0.6576923076923077
il7r,10,1,0.6815384615384616
il7r,10,2,0.7376923076923076
il7r,10,3,0.7192307692307691
il7r,10,4,0.6799999999999999
il7r,10,5,0.7184615384615384
il7r,10,6,0.6361538461538462
il7r,10,7,0.6207692307692306
il7r,10,8,0.6061538461538463
il7r,10,9,0.6584615384615384
il7r,10,10,0.6838461538461538
il7r,10,11,0.7392307692307691
il7r,10,12,0.5992307692307692
il7r,10,13,0.7184615384615385
il7r,10,14,0.71
il7r,10,15,0.67
il7r,10,16,0.7153846153846154
il7r,10,17,0.6923076923076923
il7r,10,18,0.7015384615384614
il7r,10,19,0.6884615384615385
il7r,10,20,0.7730769230769231
il7r,10,21,0.6338461538461538
il7r,10,22,0.6823076923076923
il7r,10,23,0.5415384615384615
il7r,10,24,0.5961538461538461
il7r,10,25,0.69
il7r,10,26,0.6653846153846154
il7r,10,27,0.6253846153846154
il7r,10,28,0.7546153846153846
il7r,10,29,0.7369230769230769
il7r,15,0,0.6574468085106383
il7r,15,1,0.7468085106382979
il7r,15,2,0.722340425531915
il7r,15,3,0.7095744680851064
il7r,15,4,0.6946808510638299
il7r,15,5,0.7531914893617022
il7r,15,6,0.6191489361702127
il7r,15,7,0.5787234042553192
il7r,15,8,0.5574468085106383
il7r,15,9,0.6351063829787235
il7r,15,10,0.7329787234042553
il7r,15,11,0.7265957446808511
il7r,15,12,0.6010638297872339
il7r,15,13,0.7755319148936171
il7r,15,14,0.6776595744680851
il7r,15,15,0.623404255319149
il7r,15,16,0.7148936170212766
il7r,15,17,0.7308510638297873
il7r,15,18,0.6893617021276597
il7r,15,19,0.702127659574468
il7r,15,20,0.6872340425531915
il7r,15,21,0.6319148936170212
il7r,15,22,0.7244680851063829
il7r,15,23,0.5712765957446808
il7r,15,24,0.65
il7r,15,25,0.6882978723404255
il7r,15,26,0.7138297872340427
il7r,15,27,0.5861702127659575
il7r,15,28,0.7680851063829787
il7r,15,29,0.7585106382978724
il7r,20,0,0.6126984126984127
il7r,20,1,0.7809523809523811
il7r,20,2,0.7603174603174603
il7r,20,3,0.6
il7r,20,4,0.807936507936508
il7r,20,5,0.7714285714285714
il7r,20,6,0.6206349206349207
il7r,20,7,0.6349206349206349
il7r,20,8,0.6936507936507937
il7r,20,9,0.626984126984127
il7r,20,10,0.7984126984126985
il7r,20,11,0.6888888888888889
il7r,20,12,0.6317460317460317
il7r,20,13,0.7873015873015872
il7r,20,14,0.7507936507936508
il7r,20,15,0.7111111111111111
il7r,20,16,0.680952380952381
il7r,20,17,0.746031746031746
il7r,20,18,0.7761904761904762
il7r,20,19,0.7126984126984127
il7r,20,20,0.7380952380952381
il7r,20,21,0.7079365079365079
il7r,20,22,0.7253968253968253
il7r,20,23,0.6428571428571428
il7r,20,24,0.6206349206349207
il7r,20,25,0.6746031746031746
il7r,20,26,0.7682539682539683
il7r,20,27,0.6650793650793652
il7r,20,28,0.7936507936507937
il7r,20,29,0.773015873015873
il7r,30,0,0.68125
il7r,30,1,0.73125
il7r,30,2,0.6375
il7r,30,3,0.64375
il7r,30,4,0.7125
il7r,30,5,0.81875
il7r,30,6,0.8187500000000001
il7r,30,7,0.78125
il7r,30,8,0.58125
il7r,30,9,0.6875
il7r,30,10,0.8624999999999999
il7r,30,11,0.7
il7r,30,12,0.6187499999999999
il7r,30,13,0.8625
il7r,30,14,0.8062499999999999
il7r,30,15,0.8250000000000001
il7r,30,16,0.69375
il7r,30,17,0.7375
il7r,30,18,0.8
il7r,30,19,0.66875
il7r,30,20,0.7250000000000001
il7r,30,21,0.9500000000000001
il7r,30,22,0.675
il7r,30,23,0.8125
il7r,30,24,0.8125
il7r,30,25,0.80625
il7r,30,26,0.75625
il7r,30,27,0.6875
il7r,30,28,0.85625
il7r,30,29,0.7125
nipah-glycoprotein-g,0,0,0.44976487468711046
nipah-glycoprotein-g,1,0,0.5855778596535807
nipah-glycoprotein-g,1,1,0.4938804895608352
nipah-glycoprotein-g,1,2,0.47521492398255205
nipah-glycoprotein-g,1,3,0.49539448608817177
nipah-glycoprotein-g,1,4,0.5773196967771989
nipah-glycoprotein-g,1,5,0.4925464786346504
nipah-glycoprotein-g,1,6,0.4863422690890611
nipah-glycoprotein-g,1,7,0.5980815652394866
nipah-glycoprotein-g,1,8,0.6831618176428239
nipah-glycoprotein-g,1,9,0.49214415787913435
nipah-glycoprotein-g,1,10,0.4762207258713421
nipah-glycoprotein-g,1,11,0.4892432134840977
nipah-glycoprotein-g,1,12,0.5619044594079533
nipah-glycoprotein-g,1,13,0.6708804472112819
nipah-glycoprotein-g,1,14,0.4984754160843603
nipah-glycoprotein-g,1,15,0.5915173844915936
nipah-glycoprotein-g,1,16,0.4963897005886587
nipah-glycoprotein-g,1,17,0.5208359801804091
nipah-glycoprotein-g,1,18,0.6115910727141829
nipah-glycoprotein-g,1,19,0.5319739126752212
nipah-glycoprotein-g,1,20,0.5085016728073519
nipah-glycoprotein-g,1,21,0.5082581628763816
nipah-glycoprotein-g,1,22,0.6810337525939102
nipah-glycoprotein-g,1,23,0.5593528988269173
nipah-glycoprotein-g,1,24,0.5376487528056579
nipah-glycoprotein-g,1,25,0.60905009952145
nipah-glycoprotein-g,1,26,0.5173103798754922
nipah-glycoprotein-g,1,27,0.5124190064794816
nipah-glycoprotein-g,1,28,0.6837123618345826
nipah-glycoprotein-g,1,29,0.5617668233600136
nipah-glycoprotein-g,2,0,0.6035643564356435
nipah-glycoprotein-g,2,1,0.49136740701097137
nipah-glycoprotein-g,2,2,0.4976826331281777
nipah-glycoprotein-g,2,3,0.4906823655338507
nipah-glycoprotein-g,2,4,0.48084559807332083
nipah-glycoprotein-g,2,5,0.48640085630184643
nipah-glycoprotein-g,2,6,0.48038533583088044
nipah-glycoprotein-g,2,7,0.6400749264115602
nipah-glycoprotein-g,2,8,0.6718116135937919
nipah-glycoprotein-g,2,9,0.6448166978860048
nipah-glycoprotein-g,2,10,0.5909232004281509
nipah-glycoprotein-g,2,11,0.48159486218892167
nipah-glycoprotein-g,2,12,0.5638426545357238
nipah-glycoprotein-g,2,13,0.6773454642761574
nipah-glycoprotein-g,2,14,0.6768852020337168
nipah-glycoprotein-g,2,15,0.631105164570511
nipah-glycoprotein-g,2,16,0.5035375970029435
nipah-glycoprotein-g,2,17,0.6472143430559272
nipah-glycoprotein-g,2,18,0.5942413700829543
nipah-glycoprotein-g,2,19,0.5646133261974846
nipah-glycoprotein-g,2,20,0.47086968156275083
nipah-glycoprotein-g,2,21,0.4892266523949692
nipah-glycoprotein-g,2,22,0.6048488092052448
nipah-glycoprotein-g,2,23,0.5707894032646508
nipah-glycoprotein-g,2,24,0.625111051645705
nipah-glycoprotein-g,2,25,0.5871875836232271
nipah-glycoprotein-g,2,26,0.5670858977789671
nipah-glycoprotein-g,2,27,0.47196146641691195
nipah-glycoprotein-g,2,28,0.556125234145036
nipah-glycoprotein-g,2,29,0.6213968423869414
nipah-glycoprotein-g,3,0,0.6273593073593073
nipah-glycoprotein-g,3,1,0.4978246753246754
nipah-glycoprotein-g,3,2,0.5140584415584415
nipah-glycoprotein-g,3,3,0.49537878787878786
nipah-glycoprotein-g,3,4,0.6558008658008658
nipah-glycoprotein-g,3,5,0.4902272727272728
nipah-glycoprotein-g,3,6,0.47455627705627706
nipah-glycoprotein-g,3,7,0.6735822510822511
nipah-glycoprotein-g,3,8,0.6495454545454545
nipah-glycoprotein-g,3,9,0.4899134199134199
nipah-glycoprotein-g,3,10,0.582012987012987
nipah-glycoprotein-g,3,11,0.5602489177489177
nipah-glycoprotein-g,3,12,0.5783766233766234
nipah-glycoprotein-g,3,13,0.613560606060606
nipah-glycoprotein-g,3,14,0.5052380952380953
nipah-glycoprotein-g,3,15,0.5672510822510823
nipah-glycoprotein-g,3,16,0.644491341991342
nipah-glycoprotein-g,3,17,0.48085497835497837
nipah-glycoprotein-g,3,18,0.6060714285714286
nipah-glycoprotein-g,3,19,0.5483116883116883
nipah-glycoprotein-g,3,20,0.5716991341991342
nipah-glycoprotein-g,3,21,0.5941233766233766
nipah-glycoprotein-g,3,22,0.6245021645021644
nipah-glycoprotein-g,3,23,0.5588744588744589
nipah-glycoprotein-g,3,24,0.6587770562770562
nipah-glycoprotein-g,3,25,0.638982683982684
nipah-glycoprotein-g,3,26,0.6194588744588745
nipah-glycoprotein-g,3,27,0.545508658008658
nipah-glycoprotein-g,3,28,0.6353896103896104
nipah-glycoprotein-g,3,29,0.6204220779220779
nipah-glycoprotein-g,5,0,0.6000265616007792
nipah-glycoprotein-g,5,1,0.5304462348930896
nipah-glycoprotein-g,5,2,0.49939129664881143
nipah-glycoprotein-g,5,3,0.505312320155828
nipah-glycoprotein-g,5,4,0.49726636858648016
nipah-glycoprotein-g,5,5,0.5354486697064943
nipah-glycoprotein-g,5,6,0.49643631856213194
nipah-glycoprotein-g,5,7,0.6727610784009916
nipah-glycoprotein-g,5,8,0.5150183717738722
nipah-glycoprotein-g,5,9,0.6501173137367745
nipah-glycoprotein-g,5,10,0.6062464031165611
nipah-glycoprotein-g,5,11,0.448835716499181
nipah-glycoprotein-g,5,12,0.5904422506529727
nipah-glycoprotein-g,5,13,0.6294546017973349
nipah-glycoprotein-g,5,14,0.5001881446721855
nipah-glycoprotein-g,5,15,0.5784784629687016
nipah-glycoprotein-g,5,16,0.5994842622515384
nipah-glycoprotein-g,5,17,0.4952742485280447
nipah-glycoprotein-g,5,18,0.5972154588516534
nipah-glycoprotein-g,5,19,0.5563216609854355
nipah-glycoprotein-g,5,20,0.4791712780556908
nipah-glycoprotein-g,5,21,0.5868010978794989
nipah-glycoprotein-g,5,22,0.5808358050378503
nipah-glycoprotein-g,5,23,0.560914604453495
nipah-glycoprotein-g,5,24,0.7100026561600778
nipah-glycoprotein-g,5,25,0.49279516578865823
nipah-glycoprotein-g,5,26,0.7149608216388508
nipah-glycoprotein-g,5,27,0.6102417105670901
nipah-glycoprotein-g,5,28,0.5262959847713489
nipah-glycoprotein-g,5,29,0.5147195537651069
nipah-glycoprotein-g,8,0,0.5854876582097246
nipah-glycoprotein-g,8,1,0.5867819712502148
nipah-glycoprotein-g,8,2,0.5950632838898114
nipah-glycoprotein-g,8,3,0.5164652654487143
nipah-glycoprotein-g,8,4,0.6681518813355478
nipah-glycoprotein-g,8,5,0.5040261153427639
nipah-glycoprotein-g,8,6,0.5218601454670408
nipah-glycoprotein-g,8,7,0.6797892446022564
nipah-glycoprotein-g,8,8,0.49824179600251994
nipah-glycoprotein-g,8,9,0.6074451635072448
nipah-glycoprotein-g,8,10,0.6282916213275299
nipah-glycoprotein-g,8,11,0.4593894965924059
nipah-glycoprotein-g,8,12,0.6084416700074451
nipah-glycoprotein-g,8,13,0.652242139625451
nipah-glycoprotein-g,8,14,0.5043468300784606
nipah-glycoprotein-g,8,15,0.6238932478094038
nipah-glycoprotein-g,8,16,0.5957963461428326
nipah-glycoprotein-g,8,17,0.5154000343622931
nipah-glycoprotein-g,8,18,0.6728824236870741
nipah-glycoprotein-g,8,19,0.5814901781112193
nipah-glycoprotein-g,8,20,0.6525857625565545
nipah-glycoprotein-g,8,21,0.6834545558673616
nipah-glycoprotein-g,8,22,0.5990836721837236
nipah-glycoprotein-g,8,23,0.5957963461428326
nipah-glycoprotein-g,8,24,0.6412462058301357
nipah-glycoprotein-g,8,25,0.6717713762098391
nipah-glycoprotein-g,8,26,0.5196380505125708
nipah-glycoprotein-g,8,27,0.6576942901322949
nipah-glycoprotein-g,8,28,0.5188477177710327
nipah-glycoprotein-g,8,29,0.49243456846686906
nipah-glycoprotein-g,10,0,0.6625743131529884
nipah-glycoprotein-g,10,1,0.6241953072782918
nipah-glycoprotein-g,10,2,0.6016932259237111
nipah-glycoprotein-g,10,3,0.5133617101112792
nipah-glycoprotein-g,10,4,0.6023967824017071
nipah-glycoprotein-g,10,5,0.5156834464886668
nipah-glycoprotein-g,10,6,0.4894876936246058
nipah-glycoprotein-g,10,7,0.6152601400077391
nipah-glycoprotein-g,10,8,0.5115559151510888
nipah-glycoprotein-g,10,9,0.7141919067553149
nipah-glycoprotein-g,10,10,0.6515636542723466
nipah-glycoprotein-g,10,11,0.5184390426941522
nipah-glycoprotein-g,10,12,0.6136654119909476
nipah-glycoprotein-g,10,13,0.65850541152191
nipah-glycoprotein-g,10,14,0.49808280859746024
nipah-glycoprotein-g,10,15,0.6262942507709807
nipah-glycoprotein-g,10,16,0.5996998159027216
nipah-glycoprotein-g,10,17,0.5501459879691841
nipah-glycoprotein-g,10,18,0.6670536227295647
nipah-glycoprotein-g,10,19,0.6485149095343629
nipah-glycoprotein-g,10,20,0.6848536016228703
nipah-glycoprotein-g,10,21,0.6467208405154724
nipah-glycoprotein-g,10,22,0.7026184026922763
nipah-glycoprotein-g,10,23,0.5992190523094241
nipah-glycoprotein-g,10,24,0.7178738523234952
nipah-glycoprotein-g,10,25,0.5052473587317222
nipah-glycoprotein-g,10,26,0.5125408942202836
nipah-glycoprotein-g,10,27,0.6549055475428289
nipah-glycoprotein-g,10,28,0.5060916265053177
nipah-glycoprotein-g,10,29,0.5332371806146738
nipah-glycoprotein-g,15,0,0.6291367623604467
nipah-glycoprotein-g,15,1,0.6039673046251994
nipah-glycoprotein-g,15,2,0.6098235645933014
nipah-glycoprotein-g,15,3,0.5128962320574163
nipah-glycoprotein-g,15,4,0.6108702153110048
nipah-glycoprotein-g,15,5,0.6522627591706539
nipah-glycoprotein-g,15,6,0.5444203548644339
nipah-glycoprotein-g,15,7,0.6080417663476874
nipah-glycoprotein-g,15,8,0.4923245614035088
nipah-glycoprotein-g,15,9,0.7472587719298246
nipah-glycoprotein-g,15,10,0.6507924641148326
nipah-glycoprotein-g,15,11,0.6466307814992025
nipah-glycoprotein-g,15,12,0.6152312599681021
nipah-glycoprotein-g,15,13,0.6152063397129186
nipah-glycoprotein-g,15,14,0.5071396531100478
nipah-glycoprotein-g,15,15,0.7374401913875598
nipah-glycoprotein-g,15,16,0.6672024521531101
nipah-glycoprotein-g,15,17,0.5252940590111642
nipah-glycoprotein-g,15,18,0.6189942185007975
nipah-glycoprotein-g,15,19,0.6467055422647527
nipah-glycoprotein-g,15,20,0.7078598484848486
nipah-glycoprotein-g,15,21,0.7072742224880382
nipah-glycoprotein-g,15,22,0.6405253189792665
nipah-glycoprotein-g,15,23,0.6840734649122806
nipah-glycoprotein-g,15,24,0.6366875996810207
nipah-glycoprotein-g,15,25,0.5195499401913877
nipah-glycoprotein-g,15,26,0.524072966507177
nipah-glycoprotein-g,15,27,0.5539772727272728
nipah-glycoprotein-g,15,28,0.5911333732057417
nipah-glycoprotein-g,15,29,0.6699312200956937
nipah-glycoprotein-g,20,0,0.650668827459784
nipah-glycoprotein-g,20,1,0.5987699419508243
nipah-glycoprotein-g,20,2,0.6198642419734063
nipah-glycoprotein-g,20,3,0.5064491704414129
nipah-glycoprotein-g,20,4,0.6299199001075969
nipah-glycoprotein-g,20,5,0.6669677607895751
nipah-glycoprotein-g,20,6,0.6501773355826835
nipah-glycoprotein-g,20,7,0.6247525936159191
nipah-glycoprotein-g,20,8,0.4935773966870791
nipah-glycoprotein-g,20,9,0.6684820871136143
nipah-glycoprotein-g,20,10,0.6222287164091869
nipah-glycoprotein-g,20,11,0.6659847770353743
nipah-glycoprotein-g,20,12,0.610034404431397
nipah-glycoprotein-g,20,13,0.5961663633586164
nipah-glycoprotein-g,20,14,0.5077376761732708
nipah-glycoprotein-g,20,15,0.7004024919966525
nipah-glycoprotein-g,20,16,0.6645368685325648
nipah-glycoprotein-g,20,17,0.5705158007996706
nipah-glycoprotein-g,20,18,0.6226670740293035
nipah-glycoprotein-g,20,19,0.6677514910800866
nipah-glycoprotein-g,20,20,0.6149094725096637
nipah-glycoprotein-g,20,21,0.6446115221636267
nipah-glycoprotein-g,20,22,0.5132105046426056
nipah-glycoprotein-g,20,23,0.6764655092254354
nipah-glycoprotein-g,20,24,0.6505492753815704
nipah-glycoprotein-g,20,25,0.5638076008554616
nipah-glycoprotein-g,20,26,0.5241694451455214
nipah-glycoprotein-g,20,27,0.7009736852592289
nipah-glycoprotein-g,20,28,0.6615082158844862
nipah-glycoprotein-g,20,29,0.6692392502756339
nipah-glycoprotein-g,30,0,0.5832684290099418
nipah-glycoprotein-g,30,1,0.6243032329988851
nipah-glycoprotein-g,30,2,0.7258594095997313
nipah-glycoprotein-g,30,3,0.4884012156197981
nipah-glycoprotein-g,30,4,0.7342740642323728
nipah-glycoprotein-g,30,5,0.7482017684519174
nipah-glycoprotein-g,30,6,0.6575037033643347
nipah-glycoprotein-g,30,7,0.6850994945098577
nipah-glycoprotein-g,30,8,0.4834074006200272
nipah-glycoprotein-g,30,9,0.6405064064385089
nipah-glycoprotein-g,30,10,0.6190803439165559
nipah-glycoprotein-g,30,11,0.7327316320764802
nipah-glycoprotein-g,30,12,0.6821520746476077
nipah-glycoprotein-g,30,13,0.6215848872191934
nipah-glycoprotein-g,30,14,0.5394236496082833
nipah-glycoprotein-g,30,15,0.7440020769383484
nipah-glycoprotein-g,30,16,0.6086345657518974
nipah-glycoprotein-g,30,17,0.5694628976344283
nipah-glycoprotein-g,30,18,0.7402299903788886
nipah-glycoprotein-g,30,19,0.6972404208854477
nipah-glycoprotein-g,30,20,0.6060383928162368
nipah-glycoprotein-g,30,21,0.7159175944167011
nipah-glycoprotein-g,30,22,0.6956063590965318
nipah-glycoprotein-g,30,23,0.6865044822162154
nipah-glycoprotein-g,30,24,0.6886577785922634
nipah-glycoprotein-g,30,25,0.6001435530917365
nipah-glycoprotein-g,30,26,0.48814159832623205
nipah-glycoprotein-g,30,27,0.6611688886852675
nipah-glycoprotein-g,30,28,0.6810525190513277
nipah-glycoprotein-g,30,29,0.6646813579511613
pd-l1,0,0,0.655982905982906
pd-l1,1,0,0.6894736842105263
pd-l1,1,1,0.6917293233082706
pd-l1,1,2,0.6729323308270677
pd-l1,1,3,0.6661654135338346
pd-l1,1,4,0.7097744360902255
pd-l1,1,5,0.6233082706766917
pd-l1,1,6,0.6827067669172933
pd-l1,1,7,0.7052631578947368
pd-l1,1,8,0.593984962406015
pd-l1,1,9,0.6864661654135339
pd-l1,1,10,0.6819548872180451
pd-l1,1,11,0.7127819548872181
pd-l1,1,12,0.6969924812030075
pd-l1,1,13,0.7180451127819549
pd-l1,1,14,0.7270676691729323
pd-l1,1,15,0.7263157894736842
pd-l1,1,16,0.6714285714285714
pd-l1,1,17,0.7218045112781954
pd-l1,1,18,0.7120300751879699
pd-l1,1,19,0.6676691729323309
pd-l1,1,20,0.681203007518797
pd-l1,1,21,0.5458646616541354
pd-l1,1,22,0.7315789473684211
pd-l1,1,23,0.7308270676691729
pd-l1,1,24,0.7097744360902256
pd-l1,1,25,0.7172932330827068
pd-l1,1,26,0.6624060150375939
pd-l1,1,27,0.4481203007518797
pd-l1,1,28,0.6684210526315789
pd-l1,1,29,0.575187969924812
pd-l1,2,0,0.6947535771065183
pd-l1,2,1,0.7535771065182829
pd-l1,2,2,0.7408585055643879
pd-l1,2,3,0.6931637519872814
pd-l1,2,4,0.7305246422893482
pd-l1,2,5,0.7019077901430842
pd-l1,2,6,0.629570747217806
pd-l1,2,7,0.7082670906200319
pd-l1,2,8,0.624006359300477
pd-l1,2,9,0.712241653418124
pd-l1,2,10,0.6939586645468999
pd-l1,2,11,0.6732909379968204
pd-l1,2,12,0.699523052464229
pd-l1,2,13,0.7241653418124007
pd-l1,2,14,0.595389507154213
pd-l1,2,15,0.6915739268680446
pd-l1,2,16,0.7082670906200319
pd-l1,2,17,0.6899841017488076
pd-l1,2,18,0.6899841017488076
pd-l1,2,19,0.7130365659777425
pd-l1,2,20,0.6542130365659778
pd-l1,2,21,0.5969793322734499
pd-l1,2,22,0.7376788553259142
pd-l1,2,23,0.7321144674085851
pd-l1,2,24,0.6049284578696343
pd-l1,2,25,0.7408585055643879
pd-l1,2,26,0.7042925278219396
pd-l1,2,27,0.7615262321144675
pd-l1,2,28,0.6605723370429253
pd-l1,2,29,0.6669316375198728
pd-l1,3,0,0.7356902356902357
pd-l1,3,1,0.76010101010101
pd-l1,3,2,0.6043771043771045
pd-l1,3,3,0.6936026936026936
pd-l1,3,4,0.7264309764309764
pd-l1,3,5,0.6380471380471381
pd-l1,3,6,0.7398989898989898
pd-l1,3,7,0.6658249158249158
pd-l1,3,8,0.5858585858585859
pd-l1,3,9,0.6936026936026937
pd-l1,3,10,0.734006734006734
pd-l1,3,11,0.7171717171717172
pd-l1,3,12,0.7407407407407407
pd-l1,3,13,0.7314814814814815
pd-l1,3,14,0.7390572390572391
pd-l1,3,15,0.7205387205387205
pd-l1,3,16,0.723063973063973
pd-l1,3,17,0.7011784511784511
pd-l1,3,18,0.7104377104377104
pd-l1,3,19,0.7213804713804713
pd-l1,3,20,0.7087542087542088
pd-l1,3,21,0.5833333333333333
pd-l1,3,22,0.7264309764309764
pd-l1,3,23,0.6161616161616161
pd-l1,3,24,0.601010101010101
pd-l1,3,25,0.7306397306397305
pd-l1,3,26,0.7062289562289562
pd-l1,3,27,0.7457912457912459
pd-l1,3,28,0.7247474747474747
pd-l1,3,29,0.6978114478114478
pd-l1,5,0,0.7770398481973434
pd-l1,5,1,0.7144212523719166
pd-l1,5,2,0.6404174573055028
pd-l1,5,3,0.6366223908918406
pd-l1,5,4,0.6793168880455408
pd-l1,5,5,0.6100569259962049
pd-l1,5,6,0.7352941176470589
pd-l1,5,7,0.6954459203036053
pd-l1,5,8,0.5578747628083491
pd-l1,5,9,0.7001897533206831
pd-l1,5,10,0.7324478178368121
pd-l1,5,11,0.5749525616698292
pd-l1,5,12,0.7229601518026565
pd-l1,5,13,0.7144212523719164
pd-l1,5,14,0.7210626185958254
pd-l1,5,15,0.6897533206831119
pd-l1,5,16,0.7087286527514232
pd-l1,5,17,0.7277039848197343
pd-l1,5,18,0.7409867172675522
pd-l1,5,19,0.6138519924098672
pd-l1,5,20,0.7314990512333965
pd-l1,5,21,0.5977229601518026
pd-l1,5,22,0.7229601518026565
pd-l1,5,23,0.7533206831119544
pd-l1,5,24,0.7561669829222011
pd-l1,5,25,0.7172675521821632
pd-l1,5,26,0.7229601518026564
pd-l1,5,27,0.7381404174573055
pd-l1,5,28,0.7125237191650854
pd-l1,5,29,0.7172675521821632
pd-l1,8,0,0.7223502304147466
pd-l1,8,1,0.6877880184331797
pd-l1,8,2,0.6866359447004609
pd-l1,8,3,0.6578341013824885
pd-l1,8,4,0.6970046082949309
pd-l1,8,5,0.6912442396313364
pd-l1,8,6,0.7292626728110598
pd-l1,8,7,0.6048387096774194
pd-l1,8,8,0.6152073732718895
pd-l1,8,9,0.7361751152073733
pd-l1,8,10,0.7292626728110599
pd-l1,8,11,0.6785714285714286
pd-l1,8,12,0.7188940092165897
pd-l1,8,13,0.6889400921658985
pd-l1,8,14,0.6175115207373272
pd-l1,8,15,0.6221198156682028
pd-l1,8,16,0.7269585253456221
pd-l1,8,17,0.6370967741935485
pd-l1,8,18,0.7304147465437787
pd-l1,8,19,0.618663594470046
pd-l1,8,20,0.7419354838709677
pd-l1,8,21,0.5817972350230415
pd-l1,8,22,0.7476958525345623
pd-l1,8,23,0.7476958525345623
pd-l1,8,24,0.6900921658986175
pd-l1,8,25,0.695852534562212
pd-l1,8,26,0.7165898617511521
pd-l1,8,27,0.7304147465437788
pd-l1,8,28,0.7246543778801844
pd-l1,8,29,0.7223502304147466
pd-l1,10,0,0.7559681697612732
pd-l1,10,1,0.6140583554376658
pd-l1,10,2,0.7015915119363396
pd-l1,10,3,0.6909814323607427
pd-l1,10,4,0.6843501326259948
pd-l1,10,5,0.7413793103448276
pd-l1,10,6,0.7480106100795756
pd-l1,10,7,0.6485411140583555
pd-l1,10,8,0.7572944297082228
pd-l1,10,9,0.7864721485411141
pd-l1,10,10,0.7334217506631299
pd-l1,10,11,0.6909814323607426
pd-l1,10,12,0.7082228116710876
pd-l1,10,13,0.6803713527851459
pd-l1,10,14,0.6538461538461539
pd-l1,10,15,0.6525198938992043
pd-l1,10,16,0.7082228116710875
pd-l1,10,17,0.7188328912466844
pd-l1,10,18,0.7122015915119364
pd-l1,10,19,0.7413793103448275
pd-l1,10,20,0.76657824933687
pd-l1,10,21,0.6763925729442971
pd-l1,10,22,0.7692307692307693
pd-l1,10,23,0.7652519893899205
pd-l1,10,24,0.7612732095490715
pd-l1,10,25,0.7042440318302386
pd-l1,10,26,0.7387267904509284
pd-l1,10,27,0.7374005305039788
pd-l1,10,28,0.689655172413793
pd-l1,10,29,0.669761273209549
pd-l1,15,0,0.6666666666666667
pd-l1,15,1,0.6984126984126984
pd-l1,15,2,0.746031746031746
pd-l1,15,3,0.6626984126984127
pd-l1,15,4,0.5952380952380953
pd-l1,15,5,0.7400793650793651
pd-l1,15,6,0.6626984126984127
pd-l1,15,7,0.6607142857142858
pd-l1,15,8,0.7698412698412699
pd-l1,15,9,0.7579365079365079
pd-l1,15,10,0.5317460317460319
pd-l1,15,11,0.7281746031746031
pd-l1,15,12,0.6765873015873016
pd-l1,15,13,0.6845238095238095
pd-l1,15,14,0.8174603174603174
pd-l1,15,15,0.6170634920634921
pd-l1,15,16,0.7043650793650793
pd-l1,15,17,0.6130952380952381
pd-l1,15,18,0.6607142857142857
pd-l1,15,19,0.7063492063492064
pd-l1,15,20,0.761904761904762
pd-l1,15,21,0.6805555555555557
pd-l1,15,22,0.7420634920634921
pd-l1,15,23,0.8035714285714286
pd-l1,15,24,0.7956349206349206
pd-l1,15,25,0.6964285714285714
pd-l1,15,26,0.7242063492063492
pd-l1,15,27,0.7003968253968254
pd-l1,15,28,0.7182539682539683
pd-l1,15,29,0.6746031746031746
pd-l1,20,0,0.694078947368421
pd-l1,20,1,0.7401315789473684
pd-l1,20,2,0.7598684210526316
pd-l1,20,3,0.6644736842105263
pd-l1,20,4,0.5822368421052632
pd-l1,20,5,0.7598684210526316
pd-l1,20,6,0.7006578947368421
pd-l1,20,7,0.6578947368421053
pd-l1,20,8,0.6842105263157895
pd-l1,20,9,0.8782894736842106
pd-l1,20,10,0.7302631578947368
pd-l1,20,11,0.7927631578947368
pd-l1,20,12,0.7861842105263157
pd-l1,20,13,0.6644736842105263
pd-l1,20,14,0.8684210526315789
pd-l1,20,15,0.6776315789473684
pd-l1,20,16,0.8223684210526316
pd-l1,20,17,0.638157894736842
pd-l1,20,18,0.6776315789473684
pd-l1,20,19,0.743421052631579
pd-l1,20,20,0.8059210526315789
pd-l1,20,21,0.769736842105263
pd-l1,20,22,0.7796052631578948
pd-l1,20,23,0.7894736842105263
pd-l1,20,24,0.7763157894736842
pd-l1,20,25,0.6973684210526315
pd-l1,20,26,0.7664473684210525
pd-l1,20,27,0.6907894736842106
pd-l1,20,28,0.638157894736842
pd-l1,20,29,0.7171052631578947
pd-l1,30,0,0.5740740740740741
pd-l1,30,1,0.7407407407407408
pd-l1,30,2,0.8148148148148149
pd-l1,30,3,0.8888888888888888
pd-l1,30,4,0.42592592592592593
pd-l1,30,5,0.7222222222222222
pd-l1,30,6,0.8148148148148148
pd-l1,30,7,0.4814814814814815
pd-l1,30,8,0.537037037037037
pd-l1,30,9,0.9444444444444444
pd-l1,30,10,0.9074074074074074
pd-l1,30,11,0.9814814814814815
pd-l1,30,12,0.8518518518518519
pd-l1,30,13,0.537037037037037
pd-l1,30,14,0.8703703703703703
pd-l1,30,15,0.5555555555555556
pd-l1,30,16,0.7777777777777778
pd-l1,30,17,0.5925925925925926
pd-l1,30,18,0.5370370370370371
pd-l1,30,19,0.925925925925926
pd-l1,30,20,0.8518518518518519
pd-l1,30,21,0.7407407407407407
pd-l1,30,22,0.7592592592592592
pd-l1,30,23,0.9074074074074074
pd-l1,30,24,0.5555555555555556
pd-l1,30,25,0.7222222222222223
pd-l1,30,26,0.851851851851852
pd-l1,30,27,0.8518518518518517
pd-l1,30,28,0.7037037037037037
pd-l1,30,29,0.7592592592592593
