target,pairs,annotated,binders,annotated_binders,coverage_pct
nipah-glycoprotein-g,1030,1028,103,101,99.8
fcrn,24,24,6,6,100.0
pd-l1,75,10,39,8,13.3
il7r,97,10,62,7,10.3
der21,16,0,4,0,0.0
human-phyh,12,0,6,0,0.0
mdm2,27,0,8,0,0.0
ifnar2,20,0,8,0,0.0
human-tnfa,35,0,0,0,0.0
human-serum-albumin,103,0,0,0,0.0
human-rfk,30,0,2,0,0.0
human-pmvk,30,0,10,0,0.0
human-pdgfr-beta,30,0,18,0,0.0
der7,20,0,5,0,0.0
human-orm2,30,0,0,0,0.0
human-mzb1-perp1,30,0,15,0,0.0
human-insulin-receptor,35,0,21,0,0.0
human-idi2,30,0,5,0,0.0
human-gm2a,30,0,0,0,0.0
human-ambp,30,0,5,0,0.0
hnmt,30,0,2,0,0.0
fgf-r1,20,0,7,0,0.0
egfr,826,0,128,0,0.0
spcas9,20,0,14,0,0.0
